/* DELETE ALL DATA */
DELETE FROM USER WHERE true;
DELETE FROM WALLET WHERE true;
DELETE FROM WALLET_HISTORY WHERE true;
DELETE FROM COUPON WHERE true;
DELETE FROM COUPON_INVENTORY WHERE true;
DELETE FROM ISSUED_COUPON WHERE true;

/* INSERT DATA */
INSERT INTO USER (id, name) VALUES (1, 'user1');
INSERT INTO USER (id, name) VALUES (2, 'user2');
INSERT INTO USER (id, name) VALUES (3, 'user3');
INSERT INTO USER (id, name) VALUES (4, 'user4');
INSERT INTO USER (id, name) VALUES (5, 'user5');
INSERT INTO USER (id, name) VALUES (6, 'user6');
INSERT INTO USER (id, name) VALUES (7, 'user7');
INSERT INTO USER (id, name) VALUES (8, 'user8');
INSERT INTO USER (id, name) VALUES (9, 'user9');
INSERT INTO USER (id, name) VALUES (10, 'user10');
INSERT INTO USER (id, name) VALUES (11, 'user11');
INSERT INTO USER (id, name) VALUES (12, 'user12');
INSERT INTO USER (id, name) VALUES (13, 'user13');
INSERT INTO USER (id, name) VALUES (14, 'user14');
INSERT INTO USER (id, name) VALUES (15, 'user15');
INSERT INTO USER (id, name) VALUES (16, 'user16');
INSERT INTO USER (id, name) VALUES (17, 'user17');
INSERT INTO USER (id, name) VALUES (18, 'user18');
INSERT INTO USER (id, name) VALUES (19, 'user19');
INSERT INTO USER (id, name) VALUES (20, 'user20');
INSERT INTO USER (id, name) VALUES (21, 'user21');
INSERT INTO USER (id, name) VALUES (22, 'user22');
INSERT INTO USER (id, name) VALUES (23, 'user23');
INSERT INTO USER (id, name) VALUES (24, 'user24');
INSERT INTO USER (id, name) VALUES (25, 'user25');
INSERT INTO USER (id, name) VALUES (26, 'user26');
INSERT INTO USER (id, name) VALUES (27, 'user27');
INSERT INTO USER (id, name) VALUES (28, 'user28');
INSERT INTO USER (id, name) VALUES (29, 'user29');
INSERT INTO USER (id, name) VALUES (30, 'user30');

INSERT INTO WALLET (id, balance, user_id) VALUES (1, 10000, 1);
INSERT INTO WALLET (id, balance, user_id) VALUES (2, 20000, 2);
INSERT INTO WALLET (id, balance, user_id) VALUES (3, 30000, 3);
INSERT INTO WALLET (id, balance, user_id) VALUES (4, 40000, 4);
INSERT INTO WALLET (id, balance, user_id) VALUES (5, 50000, 5);
INSERT INTO WALLET (id, balance, user_id) VALUES (6, 60000, 6);
INSERT INTO WALLET (id, balance, user_id) VALUES (7, 70000, 7);
INSERT INTO WALLET (id, balance, user_id) VALUES (8, 80000, 8);
INSERT INTO WALLET (id, balance, user_id) VALUES (9, 90000, 9);
INSERT INTO WALLET (id, balance, user_id) VALUES (10, 100000, 10);
INSERT INTO WALLET (id, balance, user_id) VALUES (11, 110000, 11);
INSERT INTO WALLET (id, balance, user_id) VALUES (12, 120000, 12);
INSERT INTO WALLET (id, balance, user_id) VALUES (13, 130000, 13);
INSERT INTO WALLET (id, balance, user_id) VALUES (14, 140000, 14);
INSERT INTO WALLET (id, balance, user_id) VALUES (15, 150000, 15);
INSERT INTO WALLET (id, balance, user_id) VALUES (16, 160000, 16);
INSERT INTO WALLET (id, balance, user_id) VALUES (17, 170000, 17);
INSERT INTO WALLET (id, balance, user_id) VALUES (18, 180000, 18);
INSERT INTO WALLET (id, balance, user_id) VALUES (19, 190000, 19);
INSERT INTO WALLET (id, balance, user_id) VALUES (20, 200000, 20);
INSERT INTO WALLET (id, balance, user_id) VALUES (21, 210000, 21);
INSERT INTO WALLET (id, balance, user_id) VALUES (22, 220000, 22);
INSERT INTO WALLET (id, balance, user_id) VALUES (23, 230000, 23);
INSERT INTO WALLET (id, balance, user_id) VALUES (24, 240000, 24);
INSERT INTO WALLET (id, balance, user_id) VALUES (25, 250000, 25);
INSERT INTO WALLET (id, balance, user_id) VALUES (26, 260000, 26);
INSERT INTO WALLET (id, balance, user_id) VALUES (27, 270000, 27);
INSERT INTO WALLET (id, balance, user_id) VALUES (28, 280000, 28);
INSERT INTO WALLET (id, balance, user_id) VALUES (29, 290000, 29);
INSERT INTO WALLET (id, balance, user_id) VALUES (30, 300000, 30);

INSERT INTO WALLET_HISTORY (id, amount, wallet_id) VALUES (1, 10000, 1);
INSERT INTO WALLET_HISTORY (id, amount, wallet_id) VALUES (2, 20000, 2);
INSERT INTO WALLET_HISTORY (id, amount, wallet_id) VALUES (3, 30000, 3);
INSERT INTO WALLET_HISTORY (id, amount, wallet_id) VALUES (4, 40000, 4);
INSERT INTO WALLET_HISTORY (id, amount, wallet_id) VALUES (5, 50000, 5);
INSERT INTO WALLET_HISTORY (id, amount, wallet_id) VALUES (6, 60000, 6);
INSERT INTO WALLET_HISTORY (id, amount, wallet_id) VALUES (7, 70000, 7);
INSERT INTO WALLET_HISTORY (id, amount, wallet_id) VALUES (8, 80000, 8);
INSERT INTO WALLET_HISTORY (id, amount, wallet_id) VALUES (9, 90000, 9);
INSERT INTO WALLET_HISTORY (id, amount, wallet_id) VALUES (10, 100000, 10);
INSERT INTO WALLET_HISTORY (id, amount, wallet_id) VALUES (11, 110000, 11);
INSERT INTO WALLET_HISTORY (id, amount, wallet_id) VALUES (12, 120000, 12);
INSERT INTO WALLET_HISTORY (id, amount, wallet_id) VALUES (13, 130000, 13);
INSERT INTO WALLET_HISTORY (id, amount, wallet_id) VALUES (14, 140000, 14);
INSERT INTO WALLET_HISTORY (id, amount, wallet_id) VALUES (15, 150000, 15);
INSERT INTO WALLET_HISTORY (id, amount, wallet_id) VALUES (16, 160000, 16);
INSERT INTO WALLET_HISTORY (id, amount, wallet_id) VALUES (17, 170000, 17);
INSERT INTO WALLET_HISTORY (id, amount, wallet_id) VALUES (18, 180000, 18);
INSERT INTO WALLET_HISTORY (id, amount, wallet_id) VALUES (19, 190000, 19);
INSERT INTO WALLET_HISTORY (id, amount, wallet_id) VALUES (20, 200000, 20);
INSERT INTO WALLET_HISTORY (id, amount, wallet_id) VALUES (21, 210000, 21);
INSERT INTO WALLET_HISTORY (id, amount, wallet_id) VALUES (22, 220000, 22);
INSERT INTO WALLET_HISTORY (id, amount, wallet_id) VALUES (23, 230000, 23);
INSERT INTO WALLET_HISTORY (id, amount, wallet_id) VALUES (24, 240000, 24);
INSERT INTO WALLET_HISTORY (id, amount, wallet_id) VALUES (25, 250000, 25);
INSERT INTO WALLET_HISTORY (id, amount, wallet_id) VALUES (26, 260000, 26);
INSERT INTO WALLET_HISTORY (id, amount, wallet_id) VALUES (27, 270000, 27);
INSERT INTO WALLET_HISTORY (id, amount, wallet_id) VALUES (28, 280000, 28);
INSERT INTO WALLET_HISTORY (id, amount, wallet_id) VALUES (29, 290000, 29);
INSERT INTO WALLET_HISTORY (id, amount, wallet_id) VALUES (30, 300000, 30);

INSERT INTO COUPON (id, name, discount_amount, expired_at) VALUES (1, 'coupon1', 1000, '2025-12-31 23:59:59');
INSERT INTO COUPON_INVENTORY (id, stock, coupon_id) VALUES (1, 10, 1);

INSERT INTO COUPON (id, name, discount_amount, expired_at) VALUES (100, 'ZeroStockCoupon', 1000, '2025-12-31 23:59:59');
INSERT INTO COUPON_INVENTORY (id, stock, coupon_id) VALUES (100, 0, 100);

INSERT INTO COUPON (id, name, discount_amount, expired_at) VALUES (101, 'ExpiredCoupon', 1000, '1999-12-31 23:59:59');
INSERT INTO COUPON_INVENTORY (id, stock, coupon_id) VALUES (101, 10, 101);

INSERT INTO COUPON (id, name, discount_amount, expired_at) VALUES (102, 'fiftyStockCoupon', 1000, '2025-12-31 23:59:59');
INSERT INTO COUPON_INVENTORY (id, stock, coupon_id) VALUES (102, 50, 102);

INSERT INTO COUPON (id, name, discount_amount, expired_at) VALUES (103, 'TenStockCoupon', 1000, '2025-12-31 23:59:59');
INSERT INTO COUPON_INVENTORY (id, stock, coupon_id) VALUES (103, 10, 103);

INSERT INTO ISSUED_COUPON (id, used, user_id, coupon_id) VALUES (1, FALSE, 1, 1);

INSERT INTO PRODUCT (id, name, price) VALUES (1, 'product1', 10000);
INSERT INTO PRODUCT (id, name, price) VALUES (2, 'product2', 20000);
INSERT INTO PRODUCT (id, name, price) VALUES (3, 'product3', 30000);
INSERT INTO PRODUCT (id, name, price) VALUES (4, 'product4', 40000);
INSERT INTO PRODUCT (id, name, price) VALUES (5, 'product5', 50000);
INSERT INTO PRODUCT (id, name, price) VALUES (6, 'product6', 60000);
INSERT INTO PRODUCT (id, name, price) VALUES (7, 'product7', 70000);
INSERT INTO PRODUCT (id, name, price) VALUES (8, 'product8', 80000);
INSERT INTO PRODUCT (id, name, price) VALUES (9, 'product9', 90000);
INSERT INTO PRODUCT (id, name, price) VALUES (10, 'product10', 100000);
INSERT INTO PRODUCT (id, name, price) VALUES (11, 'product11', 110000);
INSERT INTO PRODUCT (id, name, price) VALUES (12, 'product12', 120000);
INSERT INTO PRODUCT (id, name, price) VALUES (13, 'product13', 130000);
INSERT INTO PRODUCT (id, name, price) VALUES (14, 'product14', 140000);
INSERT INTO PRODUCT (id, name, price) VALUES (15, 'product15', 150000);
INSERT INTO PRODUCT (id, name, price) VALUES (16, 'product16', 160000);
INSERT INTO PRODUCT (id, name, price) VALUES (17, 'product17', 170000);
INSERT INTO PRODUCT (id, name, price) VALUES (18, 'product18', 180000);
INSERT INTO PRODUCT (id, name, price) VALUES (19, 'product19', 190000);
INSERT INTO PRODUCT (id, name, price) VALUES (20, 'product20', 200000);

INSERT INTO PRODUCT_INVENTORY (id, stock, product_id) VALUES (1, 10, 1);
INSERT INTO PRODUCT_INVENTORY (id, stock, product_id) VALUES (2, 10, 2);
INSERT INTO PRODUCT_INVENTORY (id, stock, product_id) VALUES (3, 10, 3);
INSERT INTO PRODUCT_INVENTORY (id, stock, product_id) VALUES (4, 10, 4);
INSERT INTO PRODUCT_INVENTORY (id, stock, product_id) VALUES (5, 10, 5);
INSERT INTO PRODUCT_INVENTORY (id, stock, product_id) VALUES (6, 10, 6);
INSERT INTO PRODUCT_INVENTORY (id, stock, product_id) VALUES (7, 10, 7);
INSERT INTO PRODUCT_INVENTORY (id, stock, product_id) VALUES (8, 10, 8);
INSERT INTO PRODUCT_INVENTORY (id, stock, product_id) VALUES (9, 10, 9);
INSERT INTO PRODUCT_INVENTORY (id, stock, product_id) VALUES (10, 10, 10);
INSERT INTO PRODUCT_INVENTORY (id, stock, product_id) VALUES (11, 10, 11);
INSERT INTO PRODUCT_INVENTORY (id, stock, product_id) VALUES (12, 10, 12);
INSERT INTO PRODUCT_INVENTORY (id, stock, product_id) VALUES (13, 10, 13);
INSERT INTO PRODUCT_INVENTORY (id, stock, product_id) VALUES (14, 10, 14);
INSERT INTO PRODUCT_INVENTORY (id, stock, product_id) VALUES (15, 10, 15);
INSERT INTO PRODUCT_INVENTORY (id, stock, product_id) VALUES (16, 10, 16);
INSERT INTO PRODUCT_INVENTORY (id, stock, product_id) VALUES (17, 10, 17);
INSERT INTO PRODUCT_INVENTORY (id, stock, product_id) VALUES (18, 10, 18);
INSERT INTO PRODUCT_INVENTORY (id, stock, product_id) VALUES (19, 10, 19);
INSERT INTO PRODUCT_INVENTORY (id, stock, product_id) VALUES (20, 10, 20);

INSERT INTO ORDERS (id, order_price, user_id) VALUES (1, 10000, 1);
INSERT INTO ORDERS (id, order_price, user_id) VALUES (2, 20000, 2);
INSERT INTO ORDERS (id, order_price, user_id) VALUES (3, 30000, 3);
INSERT INTO ORDER_PRODUCT (id, order_id, product_id, price, quantity) VALUES (1, 1, 1, 10000, 1);
INSERT INTO ORDER_PRODUCT (id, order_id, product_id, price, quantity) VALUES (2, 2, 2, 20000, 1);
INSERT INTO ORDER_PRODUCT (id, order_id, product_id, price, quantity) VALUES (3, 3, 3, 30000, 1);

INSERT INTO PAYMENT (id, order_id, amount, discount_amount) VALUES (1, 1, 10000, 0);
INSERT INTO PAYMENT (id, order_id, amount, discount_amount) VALUES (2, 2, 20000, 0);
INSERT INTO PAYMENT (id, order_id, amount, discount_amount) VALUES (3, 3, 30000, 0);